Card Name;Prices;Quantity;Average Price (7 days);link to picture
Atraxa, Grand Unifier;['24,28', '24,50', '24,95', '25,00', '25,00'];451;12.03;static.cardmarket.com/img/b2e58f5d5f06e24af7aad1acd6b61aae/items/1/ONE/692868.jpg
Elesh Norn, Mother of Machines;['28,00', '28,50', '28,90', '28,95', '28,99'];823;30.39;static.cardmarket.com/img/0cc41672d6a325427fdb94f4588f48e5/items/1/ONE/689721.jpg
Mondrak, Glory Dominus;['20,00', '20,00', '21,93', '21,95', '22,00'];1173;25.84;static.cardmarket.com/img/2b0ad3a6b2bd0acf753710fe6b0a4da5/items/1/ONE/692393.jpg
Sword of Forge and Frontier;['12,80', '12,99', '13,00', '13,00', '13,00'];1031;14.81;static.cardmarket.com/img/70a75bdee27005ec221c91bfeaeeddb8/items/1/ONE/692870.jpg
Oblitérateur phyrexian;['9,49', '9,50', '9,50', '9,50', '9,69'];1338;11.37;static.cardmarket.com/img/4e5b22929c0b09d2b4bea2e0e08cef7b/items/1/ONE/689723.jpg
Venerated Rotpriest;['8,00', '8,50', '9,00', '9,10', '9,15'];1370;10.82;static.cardmarket.com/img/4b1327d7e91aaac5a0efd13cb0e5f295/items/1/ONE/692781.jpg
The Mycosynth Gardens;['7,99', '8,00', '8,00', '8,00', '8,00'];1552;10.07;static.cardmarket.com/img/6f3f0ea1e3f89778010602205db20860/items/1/ONE/693894.jpg
Vraska, Betrayal's Sting;['7,00', '7,50', '7,50', '8,00', '8,00'];645;8.96;static.cardmarket.com/img/606e4e6f40cfb81f15a2ca314bacee2a/items/1/ONE/692147.jpg
Skrelv's Hive;['6,50', '6,85', '6,90', '6,90', '6,90'];2239;10.44;static.cardmarket.com/img/0534f7166f1a4869331b598be5447532/items/1/ONE/692400.jpg
Ichormoon Gauntlet;['6,50', '6,99', '6,99', '7,00', '7,00'];1377;8.90;static.cardmarket.com/img/fa98f5771f958d996ae932132ef46667/items/1/ONE/694333.jpg
Tyrranax Rex;['6,50', '6,99', '7,00', '7,00', '7,00'];1362;9.21;static.cardmarket.com/img/6470498004b15054af6bd3c1768d303b/items/1/ONE/692867.jpg
Phyrexian Vindicator;['5,95', '5,96', '6,00', '6,00', '6,00'];1550;8.30;static.cardmarket.com/img/4cefa3cda96f8cd8067e2e260535ba5e/items/1/ONE/694332.jpg
Mercurial Spelldancer;['5,00', '5,50', '5,50', '5,70', '5,79'];1663;7.01;static.cardmarket.com/img/6b05086553c98cf79e7b854da5cb4de6/items/1/ONE/692766.jpg
Nissa, Ascended Animist;['5,75', '5,80', '5,85', '5,90', '5,90'];1140;7.24;static.cardmarket.com/img/987ec5f91e92428735e8fa2a1ac804b4/items/1/ONE/692148.jpg
Jace, the Perfected Mind;['5,25', '7,50', '7,90', '7,99', '8,00'];322;6.81;static.cardmarket.com/img/6bcd82af89e3ce1a2faefaa1e29392dd/items/1/ONE/692402.jpg
Skrelv, Defector Mite;['4,92', '4,95', '4,95', '4,99', '5,00'];2102;6.44;static.cardmarket.com/img/4799ca062ba179bdf582b62c255d29f9/items/1/ONE/692373.jpg
Solphim, Mayhem Dominus;['4,20', '4,98', '5,00', '5,00', '5,00'];1515;6.61;static.cardmarket.com/img/1f58abe7a67d151a5a30367da5cebb1d/items/1/ONE/694758.jpg
All Will be One;['4,00', '4,00', '4,30', '4,30', '4,50'];1692;5.90;static.cardmarket.com/img/ed096ce463df2cea3687ef734043951a/items/1/ONE/694175.jpg
Tekuthal, Inquiry Dominus;['4,00', '4,50', '4,60', '4,80', '4,80'];1453;6.69;static.cardmarket.com/img/9388a93679cfbb414bb226d56724966a/items/1/ONE/694303.jpg
Drivnod, Carnage Dominus;['3,50', '3,50', '3,50', '3,80', '3,80'];1630;5.82;static.cardmarket.com/img/25c3d142a724d9c95db598c43f410789/items/1/ONE/694171.jpg
Tyvar, Jubilant Brawler;['3,80', '3,90', '4,00', '4,00', '4,30'];2146;6.15;static.cardmarket.com/img/e9553dbaefa171b2f6d92a8c9a81c760/items/1/ONE/692151.jpg
Falaises de Coupenoire;['3,00', '3,20', '3,20', '3,30', '3,35'];2142;5.24;static.cardmarket.com/img/08a26fbea62a144cd2c9ddec8af42988/items/1/ONE/692378.jpg
Zopandrel, Hunger Dominus;['3,00', '3,40', '3,40', '3,50', '3,50'];1706;5.71;static.cardmarket.com/img/4fc5367c3423a4e9e81247c9de4eb16a/items/1/ONE/694776.jpg
The Eternal Wanderer;['2,90', '3,00', '3,00', '3,00', '3,10'];1533;3.56;static.cardmarket.com/img/62a3a2369d84ec6604687d19fc520409/items/1/ONE/692146.jpg
Capricious Hellraiser;['2,50', '2,75', '2,89', '2,99', '2,99'];1584;4.68;static.cardmarket.com/img/c0f919e410f1b291a58f7bde8a960c47/items/1/ONE/692859.jpg
Nahiri, the Unforgiving;['2,49', '2,50', '2,50', '2,50', '2,55'];1299;4.05;static.cardmarket.com/img/548c9b5a3dd757171f4141d1707ff746/items/1/ONE/692150.jpg
Bloated Contaminator;['2,00', '2,00', '2,15', '2,20', '2,25'];1741;3.36;static.cardmarket.com/img/13d958fc125a63e3bdea0fcf4a750ba1/items/1/ONE/692776.jpg
Rivages de Nappenoire;['1,80', '1,85', '1,85', '1,90', '1,98'];1971;3.30;static.cardmarket.com/img/ef8bf46daa21f8ebfbcc11a6cf459fdb/items/1/ONE/692380.jpg
Côte de Chromemer;['1,99', '2,00', '2,20', '2,20', '2,31'];2129;3.82;static.cardmarket.com/img/bdbebbd80b5299427d887e2f8564126a/items/1/ONE/692386.jpg
White Sun's Twilight;['1,00', '1,20', '1,20', '1,30', '1,30'];2508;2.23;static.cardmarket.com/img/ffc150c1a4e973e24ecf8b55fc8a4452/items/1/ONE/692395.jpg
Arène phyrexiane;['1,45', '1,75', '1,89', '1,90', '1,95'];2282;2.85;static.cardmarket.com/img/9cf0672176d7491146c3a7c7b0692304/items/1/ONE/692771.jpg
Conduit of Worlds;['1,15', '1,20', '1,40', '1,49', '1,50'];2761;2.81;static.cardmarket.com/img/80f6d0018fe849da527a024e188c1eb3/items/1/ONE/692778.jpg
Lukka, Bound to Ruin;['1,25', '1,30', '1,36', '1,40', '1,45'];891;2.29;static.cardmarket.com/img/bc63588c5e4b985d06ab96d0b040c5e8/items/1/ONE/692152.jpg
Halliers à l'Orée des Rasoirs;['1,10', '1,10', '1,14', '1,16', '1,19'];1961;2.11;static.cardmarket.com/img/b69a74891a96effa8299e20961afa92c/items/1/ONE/692392.jpg
Gorge de Lignecuivre;['1,15', '1,16', '1,20', '1,20', '1,39'];2083;2.79;static.cardmarket.com/img/628d318c20f0feffc5420a3bdf8db731/items/1/ONE/692399.jpg
Staff of Compleation;['1,40', '1,50', '1,50', '1,50', '1,50'];1212;2.69;static.cardmarket.com/img/ef2f50051ca250ff721b121795f7e5be/items/1/ONE/693211.jpg
Glissa Sunslayer;['0,69', '0,70', '0,74', '0,75', '0,75'];1912;1.57;static.cardmarket.com/img/1774c4929662d44f6a7f8bc341bb3a97/items/1/ONE/692406.jpg
Minor Misstep;['0,10', '0,35', '0,40', '0,41', '0,40'];4637;1.48;static.cardmarket.com/img/7140a8d57e62275d8522ed9a64b8ffa8/items/1/ONE/692845.jpg
Kaito, Dancing Shadow;['0,29', '0,29', '0,29', '0,30', '0,30'];2407;1.02;static.cardmarket.com/img/5ffd66948742d92127837013ec37013a/items/1/ONE/692208.jpg
Soulless Jailer;['0,19', '0,19', '0,19', '0,20', '0,20'];2536;0.64;static.cardmarket.com/img/105ceed146c2d23cde99e39b30b72458/items/1/ONE/694185.jpg
Kemba, Kha Enduring;['0,15', '0,15', '0,20', '0,20', '0,20'];2816;0.92;static.cardmarket.com/img/31ce35bc1f1674d07d09b6497419ba99/items/1/ONE/692397.jpg
Mirrex;['0,18', '0,19', '0,20', '0,20', '0,20'];2600;0.73;static.cardmarket.com/img/3bc4a3ab482e76f6217ba31731508e23/items/1/ONE/694676.jpg
Kaya, Intangible Slayer;['0,09', '0,10', '0,10', '0,10', '0,10'];2492;0.45;static.cardmarket.com/img/77e941f04624b4459bfdadefea9bf575/items/1/ONE/692149.jpg
The Seedcore;['0,10', '0,10', '0,10', '0,10', '0,10'];2740;0.65;static.cardmarket.com/img/f8d805747a9280644ee467cfb4e78670/items/1/ONE/692375.jpg
Black Sun's Twilight;['0,10', '0,14', '0,15', '0,15', '0,15'];2315;0.60;static.cardmarket.com/img/61c3b16457505469449831650ae088ee/items/1/ONE/692398.jpg
Sheoldred's Edict;['0,10', '0,15', '0,15', '0,15', '0,15'];4031;0.93;static.cardmarket.com/img/fc8c121edeb3964ad6275ce31904a1ae/items/1/ONE/693202.jpg
Green Sun's Twilight;['0,09', '0,10', '0,10', '0,10', '0,10'];2685;0.62;static.cardmarket.com/img/4baa289ca6d7f0f84d30a72c04735104/items/1/ONE/693219.jpg
Marais (V.2);['0,09', '0,14', '0,15', '0,15', '0,15'];6508;0.58;static.cardmarket.com/img/2e32858fdf62ef87454a245d8ef60989/items/1/ONE/689732.jpg
Forêt (V.2);['0,10', '0,10', '0,10', '0,14', '0,14'];7912;0.49;static.cardmarket.com/img/fb9fe8128e608d9633bae860662c7844/items/1/ONE/689734.jpg
Vindictive Flamestoker;['0,09', '0,09', '0,09', '0,10', '0,10'];2687;0.49;static.cardmarket.com/img/4790e824a1afa82c6abc7ae9234ce9b0/items/1/ONE/692774.jpg
Vraan, Executioner Thane;['0,06', '0,07', '0,07', '0,09', '0,11'];2236;0.34;static.cardmarket.com/img/6e295f0f2730e4ca2234e873411a867f/items/1/ONE/693891.jpg
Montagne (V.2);['0,07', '0,08', '0,09', '0,08', '0,09'];8863;0.42;static.cardmarket.com/img/850df53ac30b5d2a91574e240af3fb10/items/1/ONE/689733.jpg
Île (V.2);['0,07', '0,07', '0,09', '0,08', '0,08'];8353;0.46;static.cardmarket.com/img/3abc45936e5ca099dd5b0629ed2e87cd/items/1/ONE/689731.jpg
Encroaching Mycosynth;['0,04', '0,05', '0,05', '0,05', '0,05'];3046;0.31;static.cardmarket.com/img/4a9fe9454673ab8bdb6541b3c7738bba/items/1/ONE/692764.jpg
Mindsplice Apparatus;['0,05', '0,05', '0,05', '0,05', '0,05'];2346;0.47;static.cardmarket.com/img/c4b579ee1c7ed9cf710aa747b0b714e9/items/1/ONE/693898.jpg
Thrun, Breaker of Silence;['0,04', '0,05', '0,10', '0,10', '0,10'];2310;0.54;static.cardmarket.com/img/52f886dc2eab5d917da0047da406b200/items/1/ONE/694180.jpg
Migloz, Maze Crusher;['0,05', '0,05', '0,05', '0,05', '0,06'];2292;0.38;static.cardmarket.com/img/44b997433353ffed4b73cdb3a6720739/items/1/ONE/694779.jpg
Plaine (V.2);['0,06', '0,06', '0,07', '0,09', '0,09'];8131;0.52;static.cardmarket.com/img/2ebf5ae3d12c863161832bee84edf6d9/items/1/ONE/689730.jpg
Melira, the Living Cure;['0,04', '0,04', '0,04', '0,04', '0,05'];2528;0.43;static.cardmarket.com/img/a54c84836c3bb180e2c03264893559d3/items/1/ONE/692383.jpg
Blade of Shared Souls;['0,05', '0,05', '0,05', '0,05', '0,05'];3290;0.21;static.cardmarket.com/img/e6a7afe42b781e735e5ba2f8889dc454/items/1/ONE/692391.jpg
Urabrask's Forge;['0,05', '0,05', '0,05', '0,05', '0,06'];3062;0.44;static.cardmarket.com/img/194ea69d0a7f09e0cea4a1108e1e8286/items/1/ONE/692394.jpg
Ezuri, Stalker of Spheres;['0,05', '0,05', '0,05', '0,05', '0,05'];2872;0.22;static.cardmarket.com/img/08cfb20eeedcb22ba362dde0cba64e39/items/1/ONE/692407.jpg
Dragonwing Glider;['0,04', '0,03', '0,03', '0,03', '0,03'];3630;0.15;static.cardmarket.com/img/fafc280f0e4335400f05081ea4215d52/items/1/ONE/693892.jpg
Blue Sun's Twilight;['0,03', '0,02', '0,02', '0,03', '0,04'];2450;0.37;static.cardmarket.com/img/4cac4ffdf24201d3a6b626892a397649/items/1/ONE/689722.jpg
Slobad, Iron Goblin;['0,03', '0,02', '0,03', '0,02', '0,02'];3016;0.17;static.cardmarket.com/img/6ad2fa1dcdd0653f4ab2bcb8d983f3a5/items/1/ONE/689724.jpg
Plaine (V.1);['0,02', '0,02', '0,02', '0,02', '0,02'];15943;0.14;static.cardmarket.com/img/599ceae6d79e12631af656fcaaa9aa40/items/1/ONE/689725.jpg
Île (V.1);['0,02', '0,02', '0,02', '0,02', '0,02'];17732;0.12;static.cardmarket.com/img/3676ca52a233d21be330da1490c7782b/items/1/ONE/689726.jpg
Marais (V.1);['0,02', '0,02', '0,02', '0,02', '0,02'];17707;0.11;static.cardmarket.com/img/55fa96b48ba14183e3ae339000983416/items/1/ONE/689727.jpg
Montagne (V.1);['0,02', '0,02', '0,02', '0,02', '0,02'];17900;0.11;static.cardmarket.com/img/b379eef3a9c8f1bbf62bbbaa690adb9f/items/1/ONE/689728.jpg
Forêt (V.1);['0,02', '0,02', '0,02', '0,02', '0,02'];17561;0.12;static.cardmarket.com/img/e2ffa21a22a4cc5e8f9f70f53720a2eb/items/1/ONE/689729.jpg
Koth, Fire of Resistance;['0,10', '0,20', '0,20', '0,20', '0,20'];2520;0.60;static.cardmarket.com/img/4c77e82d7fb283038a22b3b2a21bb24d/items/1/ONE/689735.jpg
Jor Kadeen, First Goldwarden;['0,03', '0,02', '0,03', '0,02', '0,02'];3280;0.17;static.cardmarket.com/img/6f1f54c5e01627c2330ccfda7135a068/items/1/ONE/689736.jpg
Geth, Thane of Contracts;['0,03', '0,02', '0,02', '0,02', '0,02'];3065;0.16;static.cardmarket.com/img/8ebc6a04c98d84443bede851c6b2fb11/items/1/ONE/692404.jpg
Norn's Wellspring;['0,02', '0,04', '0,05', '0,05', '0,05'];3011;0.21;static.cardmarket.com/img/5f884fb2bac62d984aaffd60f6252552/items/1/ONE/692762.jpg
Archfiend of the Dross;['0,02', '0,02', '0,04', '0,04', '0,04'];2326;0.27;static.cardmarket.com/img/94f4e208d4ee56bbbc36c0d79b7bfd2c/items/1/ONE/692768.jpg
Venser, Corpse Puppet;['0,02', '0,02', '0,02', '0,02', '0,02'];2802;0.20;static.cardmarket.com/img/7d35a8fcccf93e2c775a18c9d8b92c98/items/1/ONE/692783.jpg
Graaz, Unstoppable Juggernaut;['0,02', '0,02', '0,02', '0,02', '0,02'];3253;0.15;static.cardmarket.com/img/2ea75b6c50c2744807ef855e525d1868/items/1/ONE/692785.jpg
Mirran Safehouse;['0,03', '0,03', '0,02', '0,03', '0,04'];2628;0.35;static.cardmarket.com/img/15e15eff9c678495522fac17f7fc9206/items/1/ONE/692789.jpg
The Monumental Facade;['0,02', '0,02', '0,02', '0,03', '0,03'];3061;0.17;static.cardmarket.com/img/7eea1463449b954cb90decd7c14953a0/items/1/ONE/692793.jpg
Jawbone Duelist;['0,02', '0,02', '0,03', '0,02', '0,02'];5964;0.10;static.cardmarket.com/img/be1f6fb991eb78fa922dd9dae89e5c1d/items/1/ONE/692861.jpg
Swooping Lookout;['0,02', '0,02', '0,03', '0,02', '0,02'];6110;0.08;static.cardmarket.com/img/df555c11ab5bfe710003903cce5a8b7a/items/1/ONE/692863.jpg
Noxious Assault;['0,02', '0,02', '0,02', '0,03', '0,02'];7228;0.09;static.cardmarket.com/img/c64d75927e4253268fe3e31ac9014936/items/1/ONE/692866.jpg
Monument to Perfection;['0,02', '0,02', '0,02', '0,02', '0,02'];3333;0.15;static.cardmarket.com/img/502f419e6d4805c532b415ba8b4c308d/items/1/ONE/692869.jpg
Annex Sentry;['0,02', '0,02', '0,02', '0,03', '0,02'];6075;0.11;static.cardmarket.com/img/31346dbc8308e83138a83175d2545b8a/items/1/ONE/693203.jpg
Evolved Spinoderm;['0,02', '0,02', '0,02', '0,02', '0,02'];3297;0.14;static.cardmarket.com/img/96198c88916d67834d3b801f0d6f2e6d/items/1/ONE/693206.jpg
Karumonix, the Rat King;['0,03', '0,03', '0,02', '0,03', '0,03'];2546;0.42;static.cardmarket.com/img/baf4e5c400f349af52a9b9f5ad71cf35/items/1/ONE/693207.jpg
Zenith Chronicler;['0,02', '0,02', '0,02', '0,02', '0,02'];3373;0.23;static.cardmarket.com/img/358301a3b91bc6f24e52f86e2e672462/items/1/ONE/693218.jpg
Ovika, Enigma Goliath;['0,02', '0,02', '0,02', '0,02', '0,02'];3081;0.16;static.cardmarket.com/img/a0b79d6aa1d899d87775031dc8d3e002/items/1/ONE/693226.jpg
Ossification;['0,02', '0,03', '0,02', '0,02', '0,02'];4892;0.20;static.cardmarket.com/img/357ae4572a2eedcef1576f04f103524b/items/1/ONE/693227.jpg
Cacophony Scamp;['0,03', '0,02', '0,03', '0,02', '0,02'];5296;0.18;static.cardmarket.com/img/05483f873a99a990ae3ad0f9927623b5/items/1/ONE/693398.jpg
Expand the Sphere;['0,02', '0,02', '0,03', '0,02', '0,02'];7230;0.12;static.cardmarket.com/img/8633b7000db2e291409e5b1e73ba298b/items/1/ONE/693399.jpg
Kethek, Crucible Goliath;['0,02', '0,02', '0,03', '0,02', '0,02'];3376;0.16;static.cardmarket.com/img/ccb3f5ab5f15d0bd20ea63a86ca7412e/items/1/ONE/693403.jpg
Bilious Skulldweller;['0,02', '0,02', '0,03', '0,02', '0,02'];6498;0.11;static.cardmarket.com/img/68dc3ba393dcc34c8f464f752e4d2b69/items/1/ONE/693404.jpg
Gleeful Demolition;['0,02', '0,03', '0,02', '0,02', '0,02'];5489;0.18;static.cardmarket.com/img/51897db98a4a32924039e8f522108a8e/items/1/ONE/693406.jpg
Unnatural Restoration;['0,07', '0,02', '0,02', '0,02', '0,02'];6456;0.16;static.cardmarket.com/img/ad7096632fb54ca51f2cb1ee3eadae01/items/1/ONE/693407.jpg
The Filigree Sylex;['0,02', '0,02', '0,02', '0,02', '0,02'];2821;0.28;static.cardmarket.com/img/936644476e4201bcdceb4b8fc8e1a3df/items/1/ONE/693408.jpg
Malcator, Purity Overseer;['0,02', '0,02', '0,03', '0,04', '0,05'];2927;0.19;static.cardmarket.com/img/0f7c808b5bbcce40e53bacf05ab046ed/items/1/ONE/693410.jpg
Tyvar's Stand;['0,02', '0,02', '0,02', '0,02', '0,02'];3529;0.38;static.cardmarket.com/img/61c71950c3ad2cc1dbfc1bdcaf14aee2/items/1/ONE/693414.jpg
Argentum Masticore;['0,02', '0,02', '0,03', '0,03', '0,03'];3294;0.19;static.cardmarket.com/img/baeaa09a337dca28c8bc522f333c06c6/items/1/ONE/693889.jpg
Necrogen Communion;['0,02', '0,03', '0,02', '0,02', '0,03'];5974;0.11;static.cardmarket.com/img/153e89168ac911be8c1aaea36da779a3/items/1/ONE/693893.jpg
Tablet of Compleation;['0,02', '0,02', '0,03', '0,03', '0,02'];3459;0.15;static.cardmarket.com/img/23b23e243074c3937dbe65071dfdc0fa/items/1/ONE/693896.jpg
Scheming Aspirant;['0,02', '0,02', '0,02', '0,02', '0,02'];6208;0.16;static.cardmarket.com/img/b18b2fcd180991555230250f89d7ffd2/items/1/ONE/693901.jpg
Reject Imperfection;['0,02', '0,03', '0,02', '0,02', '0,02'];5807;0.11;static.cardmarket.com/img/b9dbfcd22d0772cb41d3f7fd9e5336e5/items/1/ONE/694160.jpg
Colipervier;['0,02', '0,07', '0,02', '0,03', '0,02'];5927;0.09;static.cardmarket.com/img/be32dc06420b0c01119e3ab1a611d85c/items/1/ONE/694164.jpg
Unctus, Grand Metatect;['0,02', '0,02', '0,05', '0,09', '0,09'];2845;0.42;static.cardmarket.com/img/36e5b4ccb0db4864013a765f9a9936da/items/1/ONE/694170.jpg
Drown in Ichor;['0,02', '0,03', '0,02', '0,02', '0,02'];4892;0.15;static.cardmarket.com/img/76a191f010fc38c08ab07a2a4ba81ccf/items/1/ONE/694173.jpg
Cankerbloom;['0,02', '0,02', '0,02', '0,02', '0,02'];5770;0.18;static.cardmarket.com/img/9e08f675e3793b2dc3a34220ca7f6186/items/1/ONE/694178.jpg
Venomous Brutalizer;['0,02', '0,02', '0,02', '0,02', '0,03'];7179;0.10;static.cardmarket.com/img/36cf26362054b781274cbb3e374cad59/items/1/ONE/694181.jpg
Ria Ivor, Bane of Bladehold;['0,03', '0,02', '0,02', '0,02', '0,03'];3204;0.16;static.cardmarket.com/img/7155624bb644db048f83b1a8be9462b9/items/1/ONE/694183.jpg
Infectious Bite;['0,02', '0,03', '0,02', '0,02', '0,02'];5150;0.13;static.cardmarket.com/img/efb25117de28c3d2a0c841000e2093e4/items/1/ONE/694306.jpg
Serum Snare;['0,03', '0,02', '0,02', '0,03', '0,02'];5766;0.12;static.cardmarket.com/img/c16addd151b08be9b4ebd2add705ca27/items/1/ONE/694312.jpg
Vat of Rebirth;['0,07', '0,02', '0,02', '0,02', '0,02'];5800;0.12;static.cardmarket.com/img/215c8346f7cba14aaf9a2f666802db90/items/1/ONE/694321.jpg
Exuberant Fuseling;['0,02', '0,03', '0,02', '0,02', '0,02'];6011;0.11;static.cardmarket.com/img/920d77b12ea1e670c0a76486adda0349/items/1/ONE/694328.jpg
Vat Emergence;['0,02', '0,07', '0,02', '0,02', '0,02'];7157;0.10;static.cardmarket.com/img/0298f5115a7dcf4e54feb571cd070cf4/items/1/ONE/694671.jpg
Distorted Curiosity;['0,03', '0,02', '0,02', '0,03', '0,02'];5334;0.13;static.cardmarket.com/img/94efd681fe18014c13ea370e1524ddbd/items/1/ONE/694718.jpg
Red Sun's Twilight;['0,02', '0,02', '0,03', '0,04', '0,04'];2984;0.23;static.cardmarket.com/img/13dd9e821a6aa8b84dae6113a0e6fb4e/items/1/ONE/694756.jpg
Armored Scrapgorger;['0,02', '0,02', '0,02', '0,03', '0,02'];5412;0.12;static.cardmarket.com/img/bee5217c91d237422555a14ee8b08340/items/1/ONE/694762.jpg
Evolving Adaptive;['0,03', '0,02', '0,02', '0,03', '0,02'];5785;0.10;static.cardmarket.com/img/391e1ae50690e67488d803ed4745a8d1/items/1/ONE/694765.jpg
Paladin of Predation;['0,02', '0,02', '0,02', '0,02', '0,03'];6380;0.09;static.cardmarket.com/img/be4ebd11062ade20c431a7af5a84d3cf/items/1/ONE/692396.jpg
Vulshok Splitter;['0,02', '0,02', '0,02', '0,02', '0,02'];6773;0.03;static.cardmarket.com/img/c3cd03e979c43498322b61930967474a/items/1/ONE/692841.jpg
Vanish into Eternity;['0,02', '0,02', '0,02', '0,02', '0,05'];6236;0.06;static.cardmarket.com/img/31b26ad86c95761749513922abd099fa/items/1/ONE/692843.jpg
Mesmerizing Dose;['0,02', '0,02', '0,02', '0,02', '0,02'];6441;0.05;static.cardmarket.com/img/439651403fa8c4e10810d789303371ab/items/1/ONE/692844.jpg
Anoint with Affliction;['0,02', '0,06', '0,02', '0,02', '0,02'];5326;0.09;static.cardmarket.com/img/3dddab5fc6001eec0f6eaa4c6c8a8774/items/1/ONE/692846.jpg
Hexgold Slash;['0,02', '0,02', '0,02', '0,02', '0,02'];6709;0.03;static.cardmarket.com/img/6dd385969636b2e9b77c14d2b3b2046c/items/1/ONE/692847.jpg
Carnivorous Canopy;['0,02', '0,02', '0,02', '0,02', '0,05'];6236;0.08;static.cardmarket.com/img/8ebfbe38328dac00af9cb74b410bf1a8/items/1/ONE/692848.jpg
Necrogen Rotpriest;['0,07', '0,02', '0,02', '0,03', '0,02'];5901;0.11;static.cardmarket.com/img/35bb7b3c1b1d623705d3851d0d134d95/items/1/ONE/692849.jpg
Apostle of Invasion;['0,02', '0,02', '0,02', '0,02', '0,02'];6595;0.08;static.cardmarket.com/img/ef1592bff346ad0ad579b5c0083a949c/items/1/ONE/692860.jpg
Sinew Dancer;['0,02', '0,02', '0,02', '0,02', '0,02'];6533;0.05;static.cardmarket.com/img/b5e3570e2bb23500c4ef70ad643f9309/items/1/ONE/692862.jpg
Nimraiser Paladin;['0,02', '0,02', '0,02', '0,03', '0,02'];6646;0.09;static.cardmarket.com/img/e61a5ce2484a49afbcd63f6a2d94c4cd/items/1/ONE/692864.jpg
Charge à voltage;['0,02', '0,02', '0,02', '0,02', '0,02'];6515;0.04;static.cardmarket.com/img/1ab03bf6915c065434ca22656530de1e/items/1/ONE/692865.jpg
Myr Convert;['0,02', '0,02', '0,03', '0,02', '0,03'];6990;0.12;static.cardmarket.com/img/babddbd478b59858d67b58d3542b2f49/items/1/ONE/693209.jpg
Experimental Augury;['0,05', '0,06', '0,02', '0,02', '0,03'];4671;0.13;static.cardmarket.com/img/212660ee71202a2001ef64865af23e85/items/1/ONE/693212.jpg
Resistance Reunited;['0,02', '0,02', '0,02', '0,02', '0,02'];6493;0.08;static.cardmarket.com/img/fb9bb3e2e56c0defe2ebef524bda2d08/items/1/ONE/693215.jpg
Slaughter Singer;['0,02', '0,02', '0,03', '0,02', '0,02'];5980;0.10;static.cardmarket.com/img/11ffd24ff1eb5b9bae4e2b4b0a188996/items/1/ONE/693216.jpg
Bladehold War-Whip;['0,02', '0,02', '0,02', '0,03', '0,02'];6552;0.10;static.cardmarket.com/img/a58d5a49c8f1d6dc00d5373d1a29ae77/items/1/ONE/693225.jpg
Sawblade Scamp;['0,02', '0,02', '0,02', '0,02', '0,02'];6221;0.06;static.cardmarket.com/img/0d8991cd9b8f46a35f8f69df2149175c/items/1/ONE/693400.jpg
Oxidda Finisher;['0,02', '0,02', '0,02', '0,03', '0,02'];6632;0.07;static.cardmarket.com/img/295971fca5c2cc704e724e076640d72e/items/1/ONE/693401.jpg
Resistance Skywarden;['0,02', '0,07', '0,02', '0,02', '0,03'];6729;0.06;static.cardmarket.com/img/20d1c0452b05536d366eaf6e1114c6ce/items/1/ONE/693402.jpg
Incisor Glider;['0,02', '0,02', '0,02', '0,02', '0,02'];6865;0.04;static.cardmarket.com/img/2bf2acd387291c6be1284e872426a70b/items/1/ONE/693405.jpg
Awaken the Sleeper;['0,02', '0,02', '0,02', '0,02', '0,03'];6685;0.05;static.cardmarket.com/img/997e7f17b14a4ecee551f588a0f98f24/items/1/ONE/693409.jpg
Prosthetic Injector;['0,02', '0,02', '0,03', '0,02', '0,02'];6600;0.12;static.cardmarket.com/img/cfe048f73e97ff35872816cc2d7a7c92/items/1/ONE/693411.jpg
Transplant Theorist;['0,02', '0,02', '0,02', '0,02', '0,02'];6657;0.09;static.cardmarket.com/img/946bd2967f454bff1085fde41d98a488/items/1/ONE/693412.jpg
Urabrask's Anointer;['0,02', '0,07', '0,02', '0,03', '0,02'];6412;0.05;static.cardmarket.com/img/ef156e032d86fed39dd2e7fe3c871548/items/1/ONE/693413.jpg
Infested Fleshcutter;['0,02', '0,02', '0,02', '0,03', '0,02'];6509;0.09;static.cardmarket.com/img/e31081911ef22a44e3849ac950d095f4/items/1/ONE/693415.jpg
Feed the Infection;['0,02', '0,02', '0,02', '0,02', '0,02'];7437;0.07;static.cardmarket.com/img/51d9ec1182677b135263074c2425ef8e/items/1/ONE/693416.jpg
Tamiyo's Immobilizer;['0,02', '0,02', '0,02', '0,03', '0,03'];6740;0.05;static.cardmarket.com/img/07ca5d4d81c244bc38120b7df7248316/items/1/ONE/693417.jpg
Hexgold Halberd;['0,02', '0,02', '0,03', '0,02', '0,02'];6471;0.09;static.cardmarket.com/img/220581f54743f3152ac9f775e3950c26/items/1/ONE/693418.jpg
Blightbelly Rat;['0,02', '0,05', '0,02', '0,02', '0,02'];6521;0.07;static.cardmarket.com/img/86760de942664404a93381da0f31e593/items/1/ONE/693875.jpg
Vivisection Evangelist;['0,02', '0,02', '0,02', '0,03', '0,02'];6607;0.09;static.cardmarket.com/img/0023ee26937a0177bab050b24ff6a710/items/1/ONE/693876.jpg
Watchful Blisterzoa;['0,02', '0,02', '0,02', '0,02', '0,03'];6693;0.05;static.cardmarket.com/img/d5c2b3fe0ba94a3e2c6a477699e5342d/items/1/ONE/693877.jpg
Maze Skullbomb;['0,02', '0,02', '0,02', '0,02', '0,05'];6605;0.04;static.cardmarket.com/img/676f7f1caa6c12bb9bfe080af4e034cd/items/1/ONE/693878.jpg
Dross Skullbomb;['0,02', '0,02', '0,02', '0,02', '0,02'];6311;0.05;static.cardmarket.com/img/c7863db5873b14fbbdb499f5e28e6ff6/items/1/ONE/693879.jpg
Ambulatory Edifice;['0,02', '0,02', '0,02', '0,03', '0,03'];6772;0.05;static.cardmarket.com/img/b2b1abbf78b702759ab220c7437b354c/items/1/ONE/693880.jpg
Magmatic Sprinter;['0,02', '0,05', '0,02', '0,03', '0,02'];6704;0.06;static.cardmarket.com/img/3d972c97e2159d78f99e667aa71d04c5/items/1/ONE/693881.jpg
Quicksilver Fisher;['0,02', '0,02', '0,02', '0,02', '0,02'];6512;0.03;static.cardmarket.com/img/edfdc124e64b12f9934b8fa424bc2c49/items/1/ONE/693882.jpg
Furnace Skullbomb;['0,02', '0,02', '0,02', '0,02', '0,02'];6670;0.05;static.cardmarket.com/img/6454f9cad61ddd9866b2b676025660e7/items/1/ONE/693883.jpg
Compleat Devotion;['0,02', '0,02', '0,02', '0,02', '0,02'];6683;0.05;static.cardmarket.com/img/896f64a8194ee736267e6ad09f8b65df/items/1/ONE/693884.jpg
Veil of Assimilation;['0,02', '0,02', '0,02', '0,02', '0,02'];6570;0.08;static.cardmarket.com/img/fd25899badb5801d5cec3b756a9c41bc/items/1/ONE/693885.jpg
Viral Spawning;['0,02', '0,02', '0,03', '0,02', '0,02'];6419;0.09;static.cardmarket.com/img/e47a34f928c98367e8eb0e1a377e1f98/items/1/ONE/693886.jpg
Basilica Skullbomb;['0,02', '0,02', '0,02', '0,02', '0,05'];6727;0.04;static.cardmarket.com/img/9e3b8a71bcc097194b4a67d30ed37f60/items/1/ONE/693887.jpg
Chittering Skitterling;['0,02', '0,02', '0,02', '0,03', '0,02'];6572;0.08;static.cardmarket.com/img/b2f07f8cb1b81d9da2f46ec5daa982fd/items/1/ONE/693888.jpg
Serum-Core Chimera;['0,02', '0,02', '0,02', '0,03', '0,02'];6627;0.05;static.cardmarket.com/img/52c138d56df89d93495662cf58bce90b/items/1/ONE/693890.jpg
Incubation Sac;['0,02', '0,02', '0,07', '0,02', '0,03'];6633;0.07;static.cardmarket.com/img/fad12b6c92d5dc1d27859444b5a132d5/items/1/ONE/693895.jpg
Planar Disruption;['0,02', '0,02', '0,02', '0,06', '0,02'];5585;0.09;static.cardmarket.com/img/ab9f4cce1a75e77426b57c289444bc5d/items/1/ONE/693897.jpg
Bonepicker Skirge;['0,02', '0,02', '0,02', '0,02', '0,02'];6491;0.06;static.cardmarket.com/img/7741e038bc1cc99da3fdd543756a1d3b/items/1/ONE/693899.jpg
Ichorplate Golem;['0,02', '0,02', '0,03', '0,03', '0,02'];6462;0.08;static.cardmarket.com/img/c01f4da2d4a86986fb6f5b0c109200ff/items/1/ONE/693900.jpg
Surgical Skullbomb;['0,02', '0,02', '0,02', '0,02', '0,02'];6919;0.05;static.cardmarket.com/img/b224c4715110d4f929d92feba13a34c4/items/1/ONE/693902.jpg
Against All Odds;['0,02', '0,04', '0,07', '0,02', '0,03'];6486;0.09;static.cardmarket.com/img/a496e075f704b15ebffe0592e90647a1/items/1/ONE/694155.jpg
Porcelain Zealot;['0,02', '0,02', '0,02', '0,03', '0,02'];6724;0.07;static.cardmarket.com/img/96020334919628a956103bfbef8a0005/items/1/ONE/694156.jpg
Bring the Ending;['0,02', '0,02', '0,06', '0,07', '0,02'];5246;0.09;static.cardmarket.com/img/eb3fee6333e2c41e3fa723f90ab07f51/items/1/ONE/694157.jpg
Rebel Salvo;['0,02', '0,02', '0,02', '0,02', '0,02'];6217;0.09;static.cardmarket.com/img/32819f62f1af443180e9de2ebbb97c18/items/1/ONE/694176.jpg
Branchblight Stalker;['0,02', '0,02', '0,02', '0,02', '0,02'];6305;0.06;static.cardmarket.com/img/f0d609ca6c387a7f4e2c2af9a393e1a5/items/1/ONE/694177.jpg
Plague Nurse;['0,02', '0,02', '0,02', '0,02', '0,02'];6347;0.04;static.cardmarket.com/img/36c36dd33c902348922c90cd2f626175/items/1/ONE/694179.jpg
Charforger;['0,02', '0,07', '0,02', '0,02', '0,02'];6538;0.07;static.cardmarket.com/img/ca9ffee90799f36f888c265ca1dbc8ef/items/1/ONE/694182.jpg
Dune Mover;['0,02', '0,02', '0,02', '0,02', '0,05'];6524;0.05;static.cardmarket.com/img/9b5f8e9d611ba014b0c3abe3db53867d/items/1/ONE/694184.jpg
The Autonomous Furnace;['0,02', '0,02', '0,02', '0,03', '0,05'];6265;0.07;static.cardmarket.com/img/0b3e21ad4f0e9e87378f7538bc56e707/items/1/ONE/694186.jpg
The Dross Pits;['0,02', '0,02', '0,05', '0,07', '0,07'];6216;0.06;static.cardmarket.com/img/26586704d7d839e94607628a8fc2ffc5/items/1/ONE/694187.jpg
The Fair Basilica;['0,02', '0,02', '0,02', '0,05', '0,07'];6323;0.07;static.cardmarket.com/img/55b6e4fa7df87fc5fdbaec57147ea6c3/items/1/ONE/694188.jpg
The Hunter Maze;['0,02', '0,02', '0,02', '0,05', '0,07'];6341;0.07;static.cardmarket.com/img/3b23d6efb352fe7d91756ce1fdefe441/items/1/ONE/694189.jpg
The Surgical Bay;['0,02', '0,02', '0,02', '0,05', '0,07'];6398;0.06;static.cardmarket.com/img/f6bccf21c6601059ecc0ba4388deb35f/items/1/ONE/694190.jpg
Ravenous Necrotitan;['0,02', '0,02', '0,02', '0,03', '0,02'];6558;0.05;static.cardmarket.com/img/3f5501c9c22e33625a1a7f7471678d85/items/1/ONE/694305.jpg
Trawler Drake;['0,02', '0,02', '0,02', '0,02', '0,03'];6698;0.06;static.cardmarket.com/img/80e1568cce089a60634b2d0cdc8da782/items/1/ONE/694307.jpg
Fleshless Gladiator;['0,02', '0,02', '0,02', '0,02', '0,05'];6727;0.04;static.cardmarket.com/img/7105c5d7d9d124a6058aa6ecbb7aba37/items/1/ONE/694308.jpg
Pestilent Syphoner;['0,02', '0,02', '0,02', '0,06', '0,07'];6930;0.06;static.cardmarket.com/img/36af38ad312d972a382f296342bda1c4/items/1/ONE/694309.jpg
Rustvine Cultivator;['0,02', '0,02', '0,02', '0,02', '0,02'];6215;0.04;static.cardmarket.com/img/d81cc350a528dcf0da9a29f674f6c204/items/1/ONE/694310.jpg
Tainted Observer;['0,02', '0,02', '0,03', '0,02', '0,02'];5943;0.12;static.cardmarket.com/img/a0d07e73c6a59acb729002449d59971b/items/1/ONE/694318.jpg
Bladed Ambassador;['0,02', '0,07', '0,02', '0,02', '0,03'];6440;0.08;static.cardmarket.com/img/fb072760231ddfda36aa1cc5be26ff96/items/1/ONE/694324.jpg
Tamiyo's Logbook;['0,02', '0,02', '0,02', '0,03', '0,02'];6502;0.09;static.cardmarket.com/img/7336be43f2feccf9672464780ff98bdf/items/1/ONE/694327.jpg
Atraxa's Skitterfang;['0,02', '0,03', '0,02', '0,02', '0,03'];6395;0.08;static.cardmarket.com/img/10fdb409ec110349c48b7d1a02d043d3/items/1/ONE/694329.jpg
Phyrexian Atlas;['0,02', '0,02', '0,02', '0,02', '0,02'];7335;0.05;static.cardmarket.com/img/dcc3421a16db5891172752af8aea7053/items/1/ONE/694330.jpg
Stinging Hivemaster;['0,02', '0,02', '0,02', '0,02', '0,02'];6431;0.05;static.cardmarket.com/img/8325b0dedc1c77525b1844d4fe528b15/items/1/ONE/694331.jpg
Furnace Punisher;['0,02', '0,07', '0,02', '0,02', '0,02'];6347;0.09;static.cardmarket.com/img/8879f3368274654188804039b3154b90/items/1/ONE/694334.jpg
Nahiri's Sacrifice;['0,02', '0,02', '0,02', '0,03', '0,02'];6653;0.09;static.cardmarket.com/img/ae1b1ebaeddff7dd6fa1e56436ba2f7d/items/1/ONE/694669.jpg
Atmosphere Surgeon;['0,02', '0,07', '0,02', '0,02', '0,02'];6677;0.05;static.cardmarket.com/img/b5ac6e33f583c898ac955e66436593c2/items/1/ONE/694670.jpg
Crawling Chorus;['0,02', '0,02', '0,02', '0,06', '0,02'];5944;0.07;static.cardmarket.com/img/72ee28f63ef454a18eea8156dacab3f7/items/1/ONE/694672.jpg
Ribskiff;['0,02', '0,02', '0,07', '0,02', '0,02'];6567;0.08;static.cardmarket.com/img/b0432a63716f2dde035ebd51ed1c38ce/items/1/ONE/694673.jpg
Duelist of Deep Faith;['0,02', '0,02', '0,02', '0,02', '0,05'];6558;0.06;static.cardmarket.com/img/7c32507ef393aa9f91dc8140168f5894/items/1/ONE/694674.jpg
Tyrranax Atrocity;['0,02', '0,02', '0,02', '0,02', '0,05'];6303;0.05;static.cardmarket.com/img/ec54d70a6cc3ab461ed1a8b71e3d2d1d/items/1/ONE/694675.jpg
Basilica Shepherd;['0,02', '0,02', '0,02', '0,02', '0,05'];6539;0.05;static.cardmarket.com/img/19d860b8baa68ed995ffdf279f8b9574/items/1/ONE/694705.jpg
Charge of the Mites;['0,02', '0,02', '0,02', '0,02', '0,02'];6414;0.06;static.cardmarket.com/img/8bcebb4d1643992a50a913694afe7936/items/1/ONE/694706.jpg
Flensing Raptor;['0,02', '0,02', '0,02', '0,02', '0,05'];6571;0.05;static.cardmarket.com/img/93632e9780cb6347174191f3d72f14b0/items/1/ONE/694707.jpg
Goldwarden's Helm;['0,02', '0,02', '0,02', '0,02', '0,02'];6768;0.03;static.cardmarket.com/img/ff9af619a268d2c8eff86eed02cd750f/items/1/ONE/694708.jpg
Hexgold Hoverwings;['0,02', '0,07', '0,02', '0,02', '0,03'];6552;0.07;static.cardmarket.com/img/74515bdeabddf6d7abdc090e42bbd21e/items/1/ONE/694709.jpg
Indoctrination Attendant;['0,02', '0,02', '0,02', '0,02', '0,02'];6527;0.04;static.cardmarket.com/img/261e863f4c9f4c137decc9ce219f9a16/items/1/ONE/694710.jpg
Leonin Lightbringer;['0,02', '0,02', '0,02', '0,02', '0,02'];6622;0.04;static.cardmarket.com/img/b81b2bbec7abc784505eb1d0eab445c2/items/1/ONE/694711.jpg
Mandible Justiciar;['0,02', '0,02', '0,02', '0,02', '0,05'];6525;0.05;static.cardmarket.com/img/997a3867ebd266e4fb51661c4ab63401/items/1/ONE/694712.jpg
Mirran Bardiche;['0,02', '0,02', '0,02', '0,02', '0,02'];6770;0.04;static.cardmarket.com/img/5fcd22cac50f3564a0bb8fe26d4d9b1d/items/1/ONE/694713.jpg
Orthodoxy Enforcer;['0,02', '0,02', '0,02', '0,02', '0,02'];6773;0.03;static.cardmarket.com/img/7705e22b4da0b172c97c7f6f9f67990d/items/1/ONE/694714.jpg
Plated Onslaught;['0,02', '0,07', '0,02', '0,03', '0,02'];6545;0.06;static.cardmarket.com/img/0b8be08cc151b684a0fe069b0db81ed5/items/1/ONE/694715.jpg
Aspirant's Ascent;['0,02', '0,02', '0,02', '0,02', '0,05'];6198;0.06;static.cardmarket.com/img/c335acced986acd1892311b059050d93/items/1/ONE/694716.jpg
Chrome Prowler;['0,02', '0,02', '0,02', '0,02', '0,05'];6748;0.02;static.cardmarket.com/img/18f0f5511f3203c39aacf5a6c67693a0/items/1/ONE/694717.jpg
Escaped Experiment;['0,02', '0,02', '0,02', '0,02', '0,02'];6656;0.04;static.cardmarket.com/img/2aa667159f34734f8e4539df7ce87314/items/1/ONE/694719.jpg
Eye of Malcator;['0,02', '0,02', '0,02', '0,02', '0,02'];6683;0.03;static.cardmarket.com/img/a8421861528164262d56f829f15a31e5/items/1/ONE/694720.jpg
Font of Progress;['0,02', '0,02', '0,03', '0,02', '0,02'];6663;0.05;static.cardmarket.com/img/c4fc16184599af1e00f0082d7de9061d/items/1/ONE/694721.jpg
Gitaxian Anatomist;['0,02', '0,02', '0,02', '0,02', '0,02'];6674;0.04;static.cardmarket.com/img/410be45b310817c24ab24011fcf8930a/items/1/ONE/694722.jpg
Gitaxian Raptor;['0,02', '0,02', '0,02', '0,02', '0,02'];6674;0.03;static.cardmarket.com/img/001b5cc1dbd88aa5af329f08c6c7eede/items/1/ONE/694723.jpg
Glistener Seer;['0,02', '0,02', '0,02', '0,02', '0,02'];6566;0.03;static.cardmarket.com/img/e8eae409b0f5691fd7ff1652ae0b8415/items/1/ONE/694724.jpg
Ichor Synthesizer;['0,02', '0,02', '0,02', '0,02', '0,05'];6500;0.05;static.cardmarket.com/img/f4d57e0ee98ecf90aea069c2b37bf11a/items/1/ONE/694725.jpg
Malcator's Watcher;['0,02', '0,02', '0,02', '0,02', '0,05'];6347;0.05;static.cardmarket.com/img/b54cb5026ddcad916164090a3a42b1f2/items/1/ONE/694726.jpg
Meldweb Curator;['0,02', '0,02', '0,02', '0,02', '0,02'];6686;0.03;static.cardmarket.com/img/21c467e99106810d24b35ab19b1b4f8f/items/1/ONE/694727.jpg
Meldweb Strider;['0,02', '0,02', '0,02', '0,02', '0,02'];6672;0.03;static.cardmarket.com/img/ee2dabafa70d731c74646373c0965a94/items/1/ONE/694728.jpg
Prologue to Phyresis;['0,02', '0,06', '0,02', '0,02', '0,02'];4388;0.11;static.cardmarket.com/img/bf4cd74ab78a50e1171ec9385703ec1d/items/1/ONE/694729.jpg
Unctus's Retrofitter;['0,02', '0,02', '0,03', '0,02', '0,02'];6696;0.06;static.cardmarket.com/img/6703cb2ac701c48a166750d92fce20ce/items/1/ONE/694730.jpg
Vivisurgeon's Insight;['0,02', '0,02', '0,02', '0,02', '0,02'];6390;0.07;static.cardmarket.com/img/178f5f0c18d1db6a93c367f02b53163c/items/1/ONE/694731.jpg
Annihilating Glare;['0,02', '0,02', '0,02', '0,05', '0,06'];5808;0.07;static.cardmarket.com/img/1532862d4ed9b0925b73a2d1863b73dc/items/1/ONE/694732.jpg
Cruel Grimnarch;['0,02', '0,02', '0,02', '0,02', '0,02'];6732;0.04;static.cardmarket.com/img/50131134aeca3d27c4f33b72d1bcc63c/items/1/ONE/694733.jpg
Cutthroat Centurion;['0,02', '0,02', '0,02', '0,02', '0,02'];6773;0.03;static.cardmarket.com/img/3de5e8ef604fe4bae7d6e65cba6c19e5/items/1/ONE/694734.jpg
Contrainte;['0,02', '0,02', '0,02', '0,02', '0,02'];6546;0.07;static.cardmarket.com/img/36adb0ff20839070b119e66ae33b8b10/items/1/ONE/694735.jpg
Gulping Scraptrap;['0,02', '0,02', '0,02', '0,02', '0,02'];6629;0.04;static.cardmarket.com/img/a5c21b0ed4ec98a1e812eacb9d242090/items/1/ONE/694736.jpg
Infectious Inquiry;['0,02', '0,02', '0,05', '0,06', '0,07'];5948;0.09;static.cardmarket.com/img/8f2aeeec8496b17d486fe0fbd42181b6/items/1/ONE/694737.jpg
Necrosquito;['0,02', '0,02', '0,02', '0,02', '0,03'];6615;0.07;static.cardmarket.com/img/c9970d504400f4a7be7d26c49a33b908/items/1/ONE/694738.jpg
Offer Immortality;['0,02', '0,02', '0,02', '0,05', '0,07'];6254;0.06;static.cardmarket.com/img/ded07b4a896c6b06fc7a6e6c55cc67a7/items/1/ONE/694739.jpg
Sheoldred's Headcleaver;['0,02', '0,02', '0,02', '0,02', '0,02'];6582;0.06;static.cardmarket.com/img/52acdbd3cb4f65b74e4c6ffc5ed1508c/items/1/ONE/694740.jpg
Testament Bearer;['0,02', '0,02', '0,02', '0,02', '0,02'];6703;0.03;static.cardmarket.com/img/821bc633f943bb9f9d9154a61cf15666/items/1/ONE/694741.jpg
Vraska's Fall;['0,02', '0,02', '0,02', '0,06', '0,07'];5785;0.09;static.cardmarket.com/img/6d48e9464e36a8d90bdedb9bd7f145f9/items/1/ONE/694742.jpg
Whisper of the Dross;['0,02', '0,02', '0,02', '0,02', '0,07'];5559;0.08;static.cardmarket.com/img/2c01e37a44a0fd466aa22bf2b80339ff/items/1/ONE/694743.jpg
Axiom Engraver;['0,02', '0,02', '0,02', '0,02', '0,02'];6605;0.03;static.cardmarket.com/img/a178cf6ba749e19c63dd3b2025dbfa8c/items/1/ONE/694744.jpg
Barbed Batterfist;['0,02', '0,02', '0,02', '0,05', '0,05'];6415;0.09;static.cardmarket.com/img/d5220c7e8efec1d71cf8b5434e05546b/items/1/ONE/694745.jpg
Bladegraft Aspirant;['0,02', '0,02', '0,02', '0,02', '0,07'];6105;0.05;static.cardmarket.com/img/bee35309ee5ad42b9beff11fc9462543/items/1/ONE/694746.jpg
Blazing Crescendo;['0,02', '0,02', '0,02', '0,06', '0,07'];5964;0.05;static.cardmarket.com/img/f75a129e80ecbec8e55018e8ec994640/items/1/ONE/694747.jpg
Chimney Rabble;['0,02', '0,02', '0,02', '0,02', '0,02'];6542;0.03;static.cardmarket.com/img/ff0f71c5e44100a13defd3b42aebb798/items/1/ONE/694748.jpg
Churning Reservoir;['0,02', '0,02', '0,03', '0,02', '0,02'];6389;0.07;static.cardmarket.com/img/1b76023b59efa16c426fb4560c4a9c38/items/1/ONE/694749.jpg
Forgehammer Centurion;['0,02', '0,02', '0,02', '0,02', '0,02'];6641;0.03;static.cardmarket.com/img/7e26e519213fa77380823413b03e9d92/items/1/ONE/694750.jpg
Free from Flesh;['0,02', '0,02', '0,02', '0,02', '0,05'];6418;0.04;static.cardmarket.com/img/ce5925ef472912ea05c37fda5aa80fc2/items/1/ONE/694751.jpg
Furnace Strider;['0,02', '0,02', '0,02', '0,02', '0,02'];6673;0.04;static.cardmarket.com/img/276f3be15a7025e6c0144bc2488240f5/items/1/ONE/694752.jpg
Hazardous Blast;['0,02', '0,02', '0,02', '0,02', '0,02'];6579;0.04;static.cardmarket.com/img/6eccc763d9ad8466dfe0903f0ed23936/items/1/ONE/694753.jpg
Kuldotha Cackler;['0,02', '0,02', '0,02', '0,02', '0,02'];6673;0.03;static.cardmarket.com/img/9174864177cb1d60b52c4104f0e2f1b2/items/1/ONE/694754.jpg
Molten Rebuke;['0,02', '0,02', '0,02', '0,02', '0,02'];6639;0.04;static.cardmarket.com/img/6c465d0ade75c71932ad959201f3e1eb/items/1/ONE/694755.jpg
Shrapnel Slinger;['0,02', '0,02', '0,02', '0,02', '0,07'];6586;0.03;static.cardmarket.com/img/26a7a9ab1755ce5c0e6867ca4512f1a4/items/1/ONE/694757.jpg
Frisson de probabilité;['0,02', '0,02', '0,02', '0,02', '0,02'];6372;0.05;static.cardmarket.com/img/739a09e3e5a9016318ac0fadd217ce4b/items/1/ONE/694759.jpg
Adaptive Sporesinger;['0,02', '0,02', '0,02', '0,02', '0,02'];6417;0.06;static.cardmarket.com/img/f33fc7a27b684e5f77f11b7b5d3a6340/items/1/ONE/694761.jpg
Contagious Vorrac;['0,02', '0,02', '0,02', '0,05', '0,06'];6332;0.05;static.cardmarket.com/img/2007809abf4269ed5c5a03ba97b35e1c/items/1/ONE/694763.jpg
Copper Longlegs;['0,02', '0,02', '0,02', '0,02', '0,02'];6411;0.05;static.cardmarket.com/img/2052d4a933d607d28e35585876923bdb/items/1/ONE/694764.jpg
Ichorspit Basilisk;['0,02', '0,02', '0,02', '0,02', '0,02'];6430;0.06;static.cardmarket.com/img/0e062f938e739bba7d5ad85d5fc5ec4e/items/1/ONE/694766.jpg
Lattice-Blade Mantis;['0,02', '0,02', '0,02', '0,02', '0,02'];6643;0.03;static.cardmarket.com/img/2fed901562f282f5d2a25aaca0cc752c/items/1/ONE/694767.jpg
Maze's Mantle;['0,02', '0,02', '0,02', '0,02', '0,02'];6708;0.03;static.cardmarket.com/img/9367ea9750eeca3cee72a3be34e8e12a/items/1/ONE/694768.jpg
Oil-Gorger Troll;['0,02', '0,02', '0,02', '0,02', '0,02'];6598;0.03;static.cardmarket.com/img/85ec48a57e57682254604a3db90f7bb0/items/1/ONE/694769.jpg
Predation Steward;['0,02', '0,02', '0,02', '0,02', '0,02'];6616;0.03;static.cardmarket.com/img/355ce6d59f68f7521c9101d0baeb8e9f/items/1/ONE/694770.jpg
Ruthless Predation;['0,02', '0,02', '0,02', '0,02', '0,02'];6566;0.05;static.cardmarket.com/img/baba2654be9bef300d78e94b4cd78a45/items/1/ONE/694771.jpg
Skyscythe Engulfer;['0,02', '0,02', '0,02', '0,02', '0,02'];6521;0.03;static.cardmarket.com/img/858645d5bda78f77cd8f9aa9f250586f/items/1/ONE/694772.jpg
Sylvok Battle-Chair;['0,02', '0,02', '0,02', '0,03', '0,02'];6674;0.05;static.cardmarket.com/img/e9a7747523c32bee430b2ab2b39c18e3/items/1/ONE/694773.jpg
Thirsting Roots;['0,02', '0,02', '0,07', '0,02', '0,02'];5257;0.09;static.cardmarket.com/img/ca10451b4c57c56f266f18e4ab7f848e/items/1/ONE/694774.jpg
Croissance titanesque;['0,02', '0,02', '0,02', '0,02', '0,02'];6580;0.03;static.cardmarket.com/img/f2c0ba045aee7fb523422839d5296a1d/items/1/ONE/694775.jpg
Cephalopod Sentry;['0,02', '0,02', '0,07', '0,02', '0,02'];6477;0.08;static.cardmarket.com/img/8d7f4b61dc5cf8436cfcb52d2dbd8da4/items/1/ONE/694777.jpg
Cinderslash Ravager;['0,02', '0,07', '0,02', '0,02', '0,02'];6565;0.07;static.cardmarket.com/img/3d020b85731760477cc0d12919accb5f/items/1/ONE/694778.jpg
Voidwing Hybrid;['0,02', '0,02', '0,02', '0,03', '0,02'];5489;0.11;static.cardmarket.com/img/cb43d0ef1be85dc4f4c4f41ddccae2ad/items/1/ONE/694780.jpg
Myr Custodian;['0,02', '0,02', '0,02', '0,05', '0,05'];6517;0.07;static.cardmarket.com/img/aa68e9fc0f841c8eb6d66a2bcc34d0d0/items/1/ONE/694781.jpg
Myr Kinsmith;['0,02', '0,02', '0,02', '0,02', '0,06'];5965;0.07;static.cardmarket.com/img/d5e32a661fd112e102ca1ed6c75d0e4c/items/1/ONE/694782.jpg
Prisme prophétique;['0,02', '0,02', '0,02', '0,02', '0,02'];6370;0.03;static.cardmarket.com/img/e5c7ac056032a03d12e2ea4140135bfc/items/1/ONE/694783.jpg
Immensité terramorphe;['0,02', '0,02', '0,02', '0,02', '0,06'];5616;0.07;static.cardmarket.com/img/5e022b16d263d9edf70ff930ab4c6117/items/1/ONE/694784.jpg
Zealot's Conviction;['0,02', '0,02', '0,02', '0,02', '0,02'];6619;0.05;static.cardmarket.com/img/059bffac7c565f67e6b9b08eb139efe1/items/1/ONE/694785.jpg
